ID,Nest,1st egg laid,Year,Date collection,Date collection num,Egg number collected,Time collection,Temperature - time of collection,Accumulated rain until collection,Clutch number,Female,Prop Lauric (SFA),Prop Myristic acid (SFA),Prop 15_0 (SFA),Prop Palmitic acid (SFA),Prop 17_0 (SFA),Prop Stearic (SFA),Prop Total SFA,Prop 14_1 (MUFA),Prop Oleic acid (MUFA),Prop 16:1n-9 (MUFA),Prop Palmitoleic acid (MUFA),Prop cis-vaccenic acid (MUFA),Prop Gondoic acid (MUFA),Prop 20:1n-7 (MUFA),Prop Total MUFA,Prop alfa-linolenic acid (n-3 PUFA),Prop EPA (n-3 PUFA),Prop DPA (n-3 PUFA),Prop DHA (n-3 PUFA),Prop Total n-3 PUFA,Prop 16:02 (n-6 PUFA),Prop gamma-linolenic (n-6 PUFA),Prop Linoleic acid (n-6 PUFA),Prop pinoleic acid (n-6 PUFA),Prop Eicosadienoic acid (n-6 PUFA),Prop dihomo-gamma-linolenic acid (n-6 PUFA),Prop eicosatrienoic acid (n-6 PUFA),Prop Arachidonic acid (n-6 PUFA),Prop 22:4n-6 (n-6 PUFA),Prop 22:5n-6 (n-6 PUFA),Prop Total n-6 PUFA,Prop 18:2 (n-9 PUFA),Prop Total n-9 PUFA,Prop Ratio n6/n3,Temp 3 days before,Mean accumulated rain 3 days previous
14,116,19-Apr-15,2015,22-Apr-15,4.22,4,10:34:00 AM,8.5,0,1,NA,0.013259385,0.697509154,0.069036658,18.48024063,0.492735851,7.504309048,27.25709073,NA,37.76834394,1.678371233,0.884790938,1.267066837,0.069278135,1.959646933,43.62749802,1.589681652,0.164128761,1.044877071,0.229398547,3.028086031,0.048290305,0.103820045,23.06950838,0,0.364476141,0.341966964,0,1.89308752,0.227992535,NA,26.04914189,0.038183331,0.038183331,8.602510504,6.9,0
31,96,23-Apr-15,2015,26-Apr-15,4.26,4,11:36:00 AM,17.5,0,1,C3F 8914,0.024064816,0.63139128,0.084467819,19.16513431,0.54461159,7.948108179,28.39777799,NA,37.39418303,1.615628711,1.186891996,1.357861763,0.061505412,1.707132001,43.32320291,2.1980549,0.243527303,1.32781774,0.339106789,4.108506732,0.047203366,0.10349341,21.12005985,0,0.407724208,0.401077999,0,1.799803817,0.239264043,NA,24.11862669,0.051885663,0.051885663,5.870411871,7.92,0
36,98,25-Apr-15,2015,28-Apr-15,4.28,4,8:54:00 AM,7.5,NA,1,C3K 7194,0.008489898,0.414375874,0.090770875,22.31090182,0.625309642,7.849824283,31.29967239,NA,37.808453,1.176824409,1.95897444,1.802169702,0.049892213,1.050319509,43.84663327,2.710865706,0.283715087,1.731869064,0.327176775,5.053626632,0.034396705,0.102178082,16.6588758,0,0.354256608,0.382463049,0,1.856811134,0.326205649,NA,19.71518703,0.084880678,0.084880678,3.901195807,12.42,0
29,114,23-Apr-15,2015,26-Apr-15,4.26,4,12:09:00 PM,18,0,1,NA,0.007092292,0.293568838,0.06260553,16.39374467,0.531330815,8.53234442,25.82068657,NA,40.0687334,1.298605396,0.635313744,1.174998262,0.080201528,2.300201664,45.55805399,1.669499705,0.200162807,0.987222558,0.284681637,3.141566707,0.040646095,0.13615989,22.35210647,0,0.386221654,0.341039293,0,1.952886051,0.24825153,NA,25.45731098,0.022381755,0.022381755,8.103380688,7.92,0
35,94,24-Apr-15,2015,28-Apr-15,4.28,4,8:47:00 AM,7.5,NA,1,C3K 7192,0.099311493,0.53836855,0.082989319,24.97947185,0.414732205,6.658506866,32.77338028,NA,40.62601448,1.11148376,3.540900709,2.401174106,0.030318886,0.460788263,48.1706802,4.46814069,0.447710414,2.124061509,0.23410555,7.274018163,0.0157535,0.051015229,10.01196998,0,0.173191776,0.2009056,0,1.127635797,0.125339119,NA,11.705811,0.076110356,0.076110356,1.609263373,12.42,0
40,91,27-Apr-15,2015,1-May-15,5.01,5,8:36:00 AM,7.5,NA,1,C3K 6027,0.01905574,1.289974652,0.100045006,23.84880331,0.486946473,7.212854741,32.95767992,NA,37.4173275,1.071179102,3.158899813,1.513994882,0.052937474,0.936378251,44.15071702,2.285377783,0.440742405,1.717244044,0.319918234,4.763282466,0.036199526,0.124871806,15.3132168,0,0.217181814,0.339651097,0,1.849749229,0.181236067,NA,18.06210634,0.066214258,0.066214258,3.791945254,7.71,NA
41,123,29-Apr-15,2015,2-May-15,5.02,4,10:15:00 AM,9,NA,1,C3K 6029,0.012394669,0.476137987,0.11861595,21.05304535,0.73603445,7.580526947,29.97675535,NA,38.07610065,1.209817138,2.611391605,2.150060156,0.061409166,1.104501579,45.21328029,2.732818748,0.39363289,1.80106042,0.267621027,5.195133085,0.079248253,0.139007263,16.5371385,0.087217971,0.231041693,0.271866936,0.101206449,1.926772449,0.16505084,NA,19.53855035,0.076280919,0.076280919,3.760933557,8.25,NA
37,167,26-Apr-15,2015,29-Apr-15,4.29,4,12:32:00 PM,12,NA,1,C3K 7145,0.019442008,0.459784298,0.08179873,18.01217232,0.672638749,8.347339544,27.59317565,NA,39.08766485,1.545134258,1.300204134,1.427758235,0.063841017,1.671107381,45.09570988,2.124446595,0.351894397,1.477138949,0.247521422,4.201001363,0.04268752,0.128007999,19.88200969,0,0.337298764,0.348060255,0,2.09249184,0.221815833,NA,23.0523719,0.05774121,0.05774121,5.487351683,11.27,NA
38,147,27-Apr-15,2015,30-Apr-15,4.3,4,9:04:00 AM,8,NA,1,C3K 6014,0.015423916,0.592489155,0.069546043,16.13389976,0.474553868,8.448185309,25.73409805,NA,39.83099296,1.809271175,0.661665899,1.290373898,0.074815046,1.952751068,45.61987005,1.37507829,0.215242787,1.198423083,0.279088713,3.067832873,0.0463331,0.127047489,22.3466437,0,0.351841444,0.316312648,0,2.038605008,0.309514186,NA,25.53629758,0.04190145,0.04190145,8.32388811,8.99,NA
45,202,30-Apr-15,2015,3-May-15,5.03,4,1:20:00 PM,14,NA,1,C3K 6025,0.0446887,1.701324229,0.088543688,20.56498511,0.63871833,9.321094306,32.35935436,NA,36.66017029,1.156197155,1.611166715,1.428789861,0.055178504,1.26646093,42.17796346,2.975093138,0.269081794,1.661818341,0.345371068,5.251364341,0.029689532,0.106689469,17.00989322,0,0.403005144,0.37891719,0,1.983124501,0.237856395,NA,20.14917545,0.062142385,0.062142385,3.836941058,9.29,NA
56,166,31-May-15,2015,3-Jun-15,6.03,4,8:12:00 AM,19,0.07,2,C3K 7145,0.019661399,0.959976851,0.100596895,22.57264965,0.601396868,8.53414882,32.78843048,NA,38.42602609,1.007372132,3.151902477,2.936228672,0.04250519,0.392194144,45.95622871,3.791783571,0.480499631,2.010301317,0.201136147,6.483720666,0.052644136,0.07635449,11.90111363,0.084440761,0.204007219,0.293277091,0.070015049,1.83187506,0.143418539,NA,14.65714598,0.11447417,0.11447417,2.260607255,17.7,1.52
39,149,27-Apr-15,2015,1-May-15,5.01,4,9:55:00 AM,8.25,NA,1,C3K 6055,0.013492426,0.488555626,0.090297666,19.19237795,0.587325281,8.200112999,28.57216195,NA,38.53108607,1.442328805,1.36386076,1.573390735,0.058048962,1.454629092,44.42334442,2.445132694,0.401413901,1.896298717,0.219863381,4.962708693,0.04527498,0.125952502,19.01318276,0,0.29771434,0.250913788,0,2.002408574,0.255734227,NA,21.99118117,0.050603755,0.050603755,4.431285923,7.71,NA
42,154,28-Apr-15,2015,2-May-15,5.02,4,10:58:00 AM,9,NA,1,C3K 6035,0.038972479,1.433765001,0.085535831,18.58760591,0.569281819,8.478952623,29.19411366,NA,36.2490298,1.378492748,0.928231529,1.128116518,0.08074529,2.223114465,41.98773035,1.210476666,0.258444377,1.569572679,0.386209984,3.424703706,0.040213195,0.120079253,21.30113679,0,0.426515997,0.413261899,0,2.591747431,0.453045003,NA,25.34599957,0.047452709,0.047452709,7.400932093,8.25,NA
43,90,29-Apr-15,2015,2-May-15,5.02,4,9:35:00 AM,8.5,NA,1,NA,0.017997289,0.631558526,0.070649301,27.20197888,0.293252323,7.571129734,35.78656605,NA,36.15538023,1.057391104,3.543337372,2.376051567,0.025786934,0.350653137,43.50860034,3.154906854,0.523032296,2.183368042,0.287861354,6.149168546,0.018507744,0.066033922,11.9914705,0,0.175826752,0.321577593,0,1.727888316,0.163152313,NA,14.46445714,0.091207918,0.091207918,2.352262266,8.25,NA
44,121A,30-Apr-15,2015,3-May-15,5.03,4,9:47:00 AM,11.5,NA,1,NA,0.01031355,0.577444572,0.108942105,22.4442551,0.369163564,6.992550175,30.50266907,NA,29.55814611,1.242080464,7.402970904,3.057813783,0.0335595,0.281290848,41.57586161,1.502789905,0.244456566,1.328248556,0.224340818,3.299835845,0.107933259,0.096940116,20.33417506,0.499562235,0.270235209,0.432268832,0.288428154,2.2424725,0.279412343,NA,24.55142771,0.070205774,0.070205774,7.440196683,9.29,NA
46,133,3-May-15,2015,6-May-15,5.06,4,9:40:00 AM,11,NA,2,C3F 8938,0.033190388,1.63718973,0.119406269,24.01067748,0.691500795,7.763713323,34.25567799,NA,35.70700206,0.939412509,2.550655263,1.834228805,0.063835038,0.495991131,41.59112481,4.480705255,0.54192635,2.294375682,0.319064567,7.636071854,0.039784059,0.12013763,13.62728593,0,0.200868049,0.270192171,0,2.007314979,0.164839426,NA,16.43042224,0.086703114,0.086703114,2.151685128,14.84,NA
48,144,6-May-15,2015,9-May-15,5.09,4,11:06:00 AM,14,0,1,C3F 8903,0.01295665,0.498856616,0.104516432,20.89617272,0.380496253,7.988009441,29.88100811,NA,29.68114599,1.233542712,6.718135046,3.210010335,0.026215585,0.388165423,41.25721509,2.177718361,0.275214964,1.539400197,0.177249901,4.169583423,0.115301531,0.086199052,20.56695939,0.464662414,0.313585627,0.36186285,0.192170056,2.103653843,0.421848824,NA,24.62624359,0.065949789,0.065949789,5.906164019,12.81,0
47,111,5-May-15,2015,7-May-15,5.07,4,11:44:00 AM,13.25,0,1,C3K 6061,0.011707208,0.412322696,0.075701976,18.49072845,0.529405014,9.233018344,28.75288369,NA,38.46744924,1.342604191,0.940430059,1.324298625,0.067853885,1.742380916,43.88501692,1.851391461,0.235570929,1.433231257,0.332467688,3.852661335,0.042623851,0.150254045,19.84127182,0.004121391,0.367294116,0.304005145,0,2.363636025,0.366381645,NA,23.43958804,0.069850018,0.069850018,6.083999085,14.81,NA
49,188,6-May-15,2015,9-May-15,5.09,4,11:28:00 AM,14.5,0,2,C3F 8940,0.015480573,0.569138052,0.132070158,22.72497429,0.865255596,7.597017822,31.90393649,NA,34.72705967,1.143309608,2.370096316,1.634968305,0.034385793,0.483430021,40.39324971,6.757622814,0.449222145,2.248602544,0.282928334,9.738375837,0.028159252,0.107530012,15.44941677,0,0.269730531,0.265987662,0,1.649060199,0.133893979,NA,17.90377841,0.060659548,0.060659548,1.838476837,12.81,0
50,196,5-May-15,2015,9-May-15,5.09,4,11:02:00 AM,14,0,2,C3F 8941,0.018074855,0.56019891,0.114139685,21.68425727,0.739586833,8.078886497,31.19514405,NA,35.66970955,1.18610665,1.99775892,1.419485296,0.04039776,0.726896889,41.04035507,5.85512704,0.493501783,2.045921878,0.21600163,8.610552331,0.034745414,0.104426695,16.45965438,0,0.234681667,0.31115223,0,1.843302213,0.122871754,NA,19.11083435,0.043114196,0.043114196,2.219466722,12.81,0
51,182,9-May-15,2015,11-May-15,5.11,4,10:09:00 AM,18,0.35,2,C3F 8939,0.012482719,0.455520327,0.128148319,23.01967096,0.834247854,8.773012851,33.22308303,NA,36.67214756,1.25212802,2.301276928,1.644319348,0.045690883,0.427653909,42.34321665,4.201550855,0.324355855,1.886208812,0.190537559,6.602653081,0.03127757,0.090722914,15.25665076,0,0.260498291,0.29940723,0,1.659633442,0.179617124,NA,17.77780733,0.053239907,0.053239907,2.692524825,13.49,1.82
1,151,12-Apr-15,2015,15-Apr-15,4.15,4,10:15:00 AM,22,0,1,C3F 8928,0.006550577,0.286021826,0.050650913,16.83470523,0.376259667,8.101936127,25.65612434,NA,38.45844937,1.759026209,0.855640251,1.337953085,0.056830208,1.888139912,44.35603904,1.469959155,0.330832543,1.323374166,0.387225396,3.51139126,0.059100155,0.089280931,23.38797976,0,0.437080338,0.316111034,0,1.951235859,0.219275885,NA,26.46006396,0.016381406,0.016381406,7.535492915,10.69,0
53,101,11-May-15,2015,14-May-15,5.14,4,11:54:00 AM,13.25,0,2,C3F 8936,0.015989385,0.6604307,0.121882764,23.44758437,0.8926305,9.701476985,34.8399947,NA,33.75333367,0.84300841,1.896105546,1.576743454,0.046020317,0.349305775,38.46451717,8.203876895,0.535229661,2.339751623,0.23142024,11.31027842,0.025104325,0.087821218,13.05195449,0,0.246671205,0.23652084,0,1.569284311,0.114918855,NA,15.33227524,0.052934453,0.052934453,1.355605466,15.79,0.12
54,137,11-May-15,2015,15-May-15,5.15,4,11:44:00 AM,11.5,5.81,2,C3F 8909,0.01096879,0.476862696,0.136959074,24.31007059,0.853067937,7.625891736,33.41382082,NA,34.90480811,1.013251218,2.424339964,1.827309264,0.04017298,0.34778273,40.55766427,8.222072018,0.484191485,2.426955993,0.251883951,11.38510345,0.021248926,0.095774612,12.47313581,0,0.231527221,0.19301777,0,1.470641493,0.117051946,NA,14.60239778,0.041013695,0.041013695,1.282588063,15.69,0
5,143,17-Apr-15,2015,20-Apr-15,4.2,4,12:14:00 PM,17,0,1,C3K 7111,0.005713366,0.351814369,0.075018153,18.65939791,0.538152709,8.417664436,28.04776094,NA,38.31735748,1.39048671,1.507837778,1.656640688,0.049328565,1.61107622,44.53272744,2.932893556,0.348559392,1.842496135,0.387317523,5.511266606,0.038474448,0.093782468,18.79898855,0,0.349750902,0.318348585,0,2.038501505,0.211561712,NA,21.84940817,0.058836838,0.058836838,3.964498496,7.02,0
55,121B,17-May-15,2015,20-May-15,5.2,4,9:17:00 AM,7,4.41,2,C3K 6092,0.017804796,0.477040934,0.110603643,24.55008873,0.692516844,7.704401334,33.55245628,NA,36.58801615,0.933463069,2.423333977,2.118712037,0.045011514,0.362244173,42.47078092,7.424006691,0.517450764,2.286125146,0.217609835,10.44519244,0.024414481,0.0827007,11.4920437,0,0.220703807,0.171407398,0,1.386786049,0.089691784,NA,13.46774792,0.06382245,0.06382245,1.289372886,13.21,0.02
4,119,17-Apr-15,2015,20-Apr-15,4.2,4,9:18:00 AM,11.5,0,1,C3F 8990,0.017800549,0.779020462,0.061565772,18.01050846,0.551423526,8.951116686,28.37143546,NA,37.0120452,1.347832877,1.076889742,1.547743203,0.060946124,1.830232245,42.87568939,1.561010794,0.246876897,1.371237945,0.249567035,3.428692671,0.047406734,0.131595792,21.63362236,0,0.391745029,0.468994515,0,2.267301142,0.323744562,NA,25.26441013,0.059772347,0.059772347,7.368525721,7.02,0
6,208,17-Apr-15,2015,20-Apr-15,4.2,4,10:53:00 AM,15.75,0,1,NA,0.011601702,0.264586187,0.058633634,16.37384104,0.541610926,8.423058544,25.67333203,NA,38.43326228,1.495009945,0.821718562,1.26772716,0.088638637,2.000169396,44.10652598,1.705437632,0.267356523,1.409696245,0.225208096,3.607698496,0.047250044,0.112777245,23.36284816,0,0.463947297,0.315442998,0,1.968286509,0.268558865,NA,26.53911112,0.073332369,0.073332369,7.356244195,7.02,0
7,213,17-Apr-15,2015,20-Apr-15,4.2,4,11:34:00 AM,16,0,1,NA,0.006856589,0.245899128,0.059099386,17.19416672,0.444152724,8.438920329,26.38909488,NA,39.75171619,1.587219952,0.635283606,1.200201482,0.07880152,2.159969641,45.41319239,1.5009975,0.211181005,1.264190765,0.37480172,3.35117099,0.040399065,0.112239208,21.47690817,0,0.342128905,0.326898899,0,2.225878056,0.272856907,NA,24.79730921,0.049232531,0.049232531,7.399595331,7.02,0
11,183,19-Apr-15,2015,21-Apr-15,4.21,4,11:19:00 AM,18,0,1,NA,0.008119516,0.329044502,0.099601115,20.75941576,0.53551804,7.446362013,29.17806095,NA,38.73239924,1.5525735,1.724218099,1.635198739,0.057479324,1.464690609,45.16655951,2.821193076,0.316575856,1.623532868,0.288426557,5.049728357,0.035091519,0.098650319,17.72348863,0,0.342410703,0.352633305,0,1.809097736,0.180811023,NA,20.54218324,0.063467945,0.063467945,4.067977876,5.72,0
13,102,19-Apr-15,2015,22-Apr-15,4.22,4,9:18:00 AM,10,0,1,C3F 8002,0.007749671,0.347229907,0.076420724,18.37803307,0.598689759,8.602012723,28.01013585,NA,38.44090706,1.480149131,1.368060093,1.594840496,0.063501249,1.849513469,44.7969715,2.140531121,0.286028686,1.307315031,0.31136062,4.045235458,0.045134027,0.139134473,19.44348024,0,0.377515569,0.380001727,0.030623845,2.398284007,0.290065578,NA,23.10423947,0.043417727,0.043417727,5.71146963,6.9,0
15,134,19-Apr-15,2015,22-Apr-15,4.22,4,10:09:00 AM,8.5,0,1,C3K 7143,0.011046521,0.364714352,0.069948825,18.50719178,0.559095216,7.736828203,27.2488249,NA,37.59085757,1.444137699,1.083380746,1.283309116,0.056443925,1.958338353,43.41646741,1.506019634,0.340218883,1.372323703,0.275054097,3.493616317,0.040428483,0.102301095,22.76857131,0,0.360329195,0.310526899,0,2.008906403,0.234990259,NA,25.82605364,0.015037731,0.015037731,7.392355457,6.9,0
16,195,19-Apr-15,2015,22-Apr-15,4.22,4,10:50:00 AM,9.5,0,1,NA,0.002927148,0.246768226,0.068435799,16.62108011,0.509031576,8.560309879,26.00855274,NA,38.92075252,1.541779451,0.816776175,1.180466722,0.075693667,2.259900183,44.79536872,1.540255997,0.254072993,1.177881834,0.261189304,3.233400128,0.044734757,0.099772251,22.79540141,0,0.459662894,0.320388741,0,1.994498206,0.205029182,NA,25.91948744,0.043190985,0.043190985,8.016170723,6.9,0
27,93,21-Apr-15,2015,24-Apr-15,4.24,4,8:33:00 AM,6,0,1,NA,0.007724885,0.283566481,0.082727001,18.04332121,0.553363623,8.774935797,27.745639,NA,38.36065903,1.334490286,0.876142863,1.48197229,0.075457189,1.931387151,44.06010881,1.917480986,0.260556624,1.436158936,0.332969353,3.947165899,0.03887632,0.111442482,20.62571399,0,0.362067998,0.358457237,0,2.41880142,0.284230552,NA,24.19959,0.047496291,0.047496291,6.130877348,8.1,0
12,201,18-Apr-15,2015,21-Apr-15,4.21,4,11:11:00 AM,18,0,1,C3K 7165,0.006129426,0.257194338,0.066101235,20.06768687,0.495658285,7.871481573,28.76425173,NA,39.20258978,1.124415383,1.379629528,1.658538991,0.059451416,1.855561307,45.28018641,2.020186873,0.234050306,1.346810553,0.265626678,3.86667441,0.027258131,0.092954245,18.94216089,0,0.365944365,0.33635688,0,2.027417804,0.26648437,NA,22.05857669,0.030310765,0.030310765,5.704792891,5.72,0
22,128,21-Apr-15,2015,24-Apr-15,4.24,4,9:53:00 AM,12,0,1,C3K 7142,0.009371203,0.355006994,0.086040983,19.90270752,0.585818802,8.263339761,29.20228526,NA,38.80993517,1.274764638,1.679857025,1.863247176,0.046734308,1.113369527,44.78790784,3.150605289,0.370649999,1.99447632,0.21686069,5.732592298,0.082604871,0.084883265,17.0111699,0.123608097,0.339693839,0.268513291,0.118490706,2.030612921,0.145796939,NA,20.20537383,0.071840766,0.071840766,3.524648672,8.1,0
23,137,21-Apr-15,2015,24-Apr-15,4.24,4,10:11:00 AM,13.5,0,1,NA,0.008235634,0.314728781,0.069283488,16.95068522,0.489956976,7.908558337,25.74144844,NA,39.36799963,1.720898568,0.685213365,1.377137349,0.061763009,1.995531721,45.20854364,1.592467044,0.266605158,1.574582306,0.309293667,3.742948175,0.044507075,0.098200859,21.97884594,0,0.387052565,0.304211419,0,2.108477033,0.352669831,NA,25.27396472,0.033095023,0.033095023,6.752421765,8.1,0
24,140,21-Apr-15,2015,24-Apr-15,4.24,4,9:23:00 AM,10.5,0,1,C3F 8062,0.007191048,0.300373963,0.061747851,19.13940179,0.437482847,8.274646102,28.2208436,NA,41.2500571,1.525532716,1.330980046,1.340199974,0.040348721,1.167254245,46.6543728,3.438146929,0.267005681,1.424256648,0.231942563,5.361351821,0.077426945,0.068836482,17.12318709,0.099306388,0.286757871,0.214629279,0.098833916,1.574389746,0.130820927,NA,19.67418864,0.089243128,0.089243128,3.669632082,8.1,0
25,161,21-Apr-15,2015,24-Apr-15,4.24,4,11:34:00 AM,16,0,1,C3F 8932,0.006784092,0.313908773,0.088030233,18.34612337,0.543792822,8.173756992,27.47239628,NA,38.17576729,1.466048359,0.862550575,1.407219629,0.074034798,2.160111712,44.14573236,1.372727126,0.309920916,1.41336785,0.346275879,3.442291771,0.041344954,0.112056638,21.64964427,0,0.348682207,0.338129062,0,2.148064797,0.263988512,NA,24.90191044,0.037669141,0.037669141,7.234108,8.1,0
26,206,21-Apr-15,2015,24-Apr-15,4.24,4,10:55:00 AM,15,0,1,C3K 6005,0.007984383,0.311151521,0.085728733,19.61878923,0.490884025,7.325550812,27.8400887,NA,39.34896566,1.578150029,1.245089016,1.397680253,0.048054541,1.605046442,45.22298594,2.096033856,0.305131932,1.438597576,0.379085583,4.218848947,0.040651151,0.136695181,19.37308204,0.000999471,0.265699587,0.351307316,0,2.257348375,0.23500543,NA,22.66078855,0.057287856,0.057287856,5.371320196,8.1,0
21,126,21-Apr-15,2015,24-Apr-15,4.24,4,9:42:00 AM,12,0,1,C3F 8926,0.011482298,0.37211333,0.068640652,18.74685059,0.45365189,7.875571033,27.52830979,NA,38.00672682,1.641630539,1.845899816,1.591532945,0.059899656,1.500713318,44.64640309,2.597498271,0.380562926,1.644973384,0.286342553,4.909377134,0.061601111,0.110076995,19.69266123,0.017617539,0.322661569,0.367780038,0,2.063735926,0.210641699,NA,22.84677611,0.069133868,0.069133868,4.653701576,8.1,0
17,204,19-Apr-15,2015,22-Apr-15,4.22,4,10:53:00 AM,9.5,0,1,C3K 7126,0.005429829,0.300376345,0.079544304,20.04157435,0.596131924,8.297363475,29.32042023,NA,38.84884317,1.305668335,1.314699156,1.493628844,0.044103209,1.758912538,44.76585525,2.196313569,0.219191795,1.558499405,0.275196288,4.249201057,0.031261136,0.078523604,18.43021016,0,0.46253447,0.300088292,0,2.065004248,0.245235613,NA,21.61285752,0.051665953,0.051665953,5.086334403,6.9,0
20,110,21-Apr-15,2015,24-Apr-15,4.24,4,9:04:00 AM,10.5,0,1,NA,0.007083708,0.312309369,0.079322301,18.42223596,0.495866559,8.014018465,27.33083636,NA,38.47502941,1.747774705,0.819990064,0.642718747,0.068487692,1.997740521,43.75174114,2.231417616,0.220786081,1.307937936,0.276067112,4.036208745,0.041754559,0.114840606,21.9122095,0,0.338608581,0.311039938,0,1.921675401,0.208521,NA,24.84864959,0.032564167,0.032564167,6.156433216,8.1,0
30,139,23-Apr-15,2015,26-Apr-15,4.26,4,12:29:00 PM,18,0,1,C3K 6015,0.011942582,0.457221071,0.114252322,21.03427364,0.606522874,7.429802748,29.65401524,NA,38.79253009,1.389179204,1.339834009,1.351282198,0.065612045,1.321930004,44.26036755,2.817527373,0.304238327,1.45846295,0.312644985,4.892873635,0.084038055,0.113225852,17.87142117,0.211827105,0.301389683,0.293470421,0.225967165,1.894847666,0.137664369,NA,21.13385149,0.058892094,0.058892094,4.319312752,7.92,0
33,117,23-Apr-15,2015,27-Apr-15,4.27,4,9:03:00 AM,14.5,2,1,NA,0.02767175,1.113630158,0.090207235,21.24268708,0.508262111,7.921581588,30.90403992,NA,38.39100659,1.452420504,1.640350806,1.155585617,0.0619375,1.253391817,43.95469283,2.018220152,0.211483359,1.432784909,0.271841815,3.934330235,0.040168377,0.143428367,17.82874871,0,0.247874284,0.43100109,0,2.206661975,0.26458109,NA,21.16246389,0.044473106,0.044473106,5.378924144,10.72,0
2,170,16-Apr-15,2015,19-Apr-15,4.19,4,11:10:00 AM,11,0,1,C3F 8937,NA,0.269424,0.054197,16.65767,0.423381,7.793382,#VALUE!,1.30E-02,41.17335,1.42963,1.013621,1.309277,1.666591,NA,4.66E+01,1.922843,0.281193,1.025653,0.16342,3.393109,NA,NA,22.13891,0,0.326394,0.289326,0,1.876109,NA,0.172644,24.803383,NA,NA,7.309928151,7.63,0
3,198,16-Apr-15,2015,19-Apr-15,4.19,4,11:03:00 AM,10.5,0,1,C3F 8941,NA,0.273884,2.51E-02,18.51085,0.374993,7.877022,#VALUE!,3.93E-03,41.90612,1.335956,1.091094,1.471611,1.378716,NA,4.72E+01,1.867984,0.197504,0.964038,0.345305,3.374831,NA,NA,19.95405,0,0.232726,0.230312,0,1.739017,NA,0.219748,22.375853,NA,NA,6.630214372,10.06,0
8,97,18-Apr-15,2015,21-Apr-15,4.21,4,9:50:00 AM,15,0,1,C3F 8936,NA,0.345033,7.47E-02,18.49966,0.516813,8.636401,#VALUE!,2.82E-02,40.45111,1.149525,1.24092,1.28244,1.506551,NA,4.57E+01,1.915193,0.359939,1.054295,0.196811,3.526238,NA,NA,20.03371,0,0.264953,0.289045,0,1.987098,NA,0.167657,22.742463,NA,NA,6.449497453,7.63,0
9,177,18-Apr-15,2015,21-Apr-15,4.21,4,10:58:00 AM,18,0,1,C3F 8939,NA,0.242235,6.95E-02,16.87376,0.357073,7.388192,#VALUE!,5.75E-03,43.03478,1.970088,0.645777,0.986897,1.84392,NA,4.85E+01,1.28344,0.158676,0.675088,0.168031,2.285235,NA,NA,22.17721,0,0.301094,0.280395,0,1.414508,NA,0.123604,24.296811,NA,NA,10.63208423,7.63,0
10,189,18-Apr-15,2015,21-Apr-15,4.21,4,11:04:00 AM,18,0,1,C3F 8940,NA,0.27769,4.61E-02,18.41133,0.438094,7.407281,#VALUE!,5.61E-03,42.13871,1.646985,1.073615,1.147674,1.613388,NA,4.76E+01,1.705449,0.209163,0.996482,0.472706,3.3838,NA,NA,19.88219,0,0.27477,0.256196,0,1.812524,NA,0.184014,22.409694,NA,NA,6.622641409,11.28,0
18,95,20-Apr-15,2015,23-Apr-15,4.23,4,8:33:00 AM,5.5,0,1,C3F 8942,NA,0.200732,5.37E-02,17.05619,0.440169,7.821493,#VALUE!,3.89E-03,42.66386,0.891784,0.734682,1.232654,2.076046,NA,4.76E+01,1.582726,0.145959,0.763006,0.165628,2.657319,NA,NA,21.67911,0,0.337016,0.27868,0,1.691509,NA,0.18117,24.167485,NA,NA,9.094687164,11.14,0
19,129,20-Apr-15,2015,23-Apr-15,4.23,4,9:40:00 AM,6,0,1,C3F 8938,NA,0.48536,7.26E-02,21.84514,0.590638,7.231947,#VALUE!,8.47E-02,39.37182,1.24342,2.142999,1.91441,0.810471,NA,4.56E+01,1.872578,0.515949,1.539551,0.286482,4.21456,NA,NA,17.34204,0,0.183763,0.238246,0,2.095309,NA,0.13261,19.991968,NA,NA,4.743548081,11.14,0
28,138,22-Apr-15,2015,25-Apr-15,4.25,4,10:02:00 AM,18.5,0,1,C3F 8909,NA,0.218941,6.80E-02,15.84623,0.421716,8.88777,#VALUE!,0,41.92596,1.71267,0.450001,1.345438,1.790268,NA,4.72E+01,0.867403,0.219726,0.96451,0.234012,2.285651,NA,NA,22.25341,0,0.27303,0.253735,0,2.096836,NA,0.170342,25.047353,NA,NA,10.95852035,9.58,0
32,136,24-Apr-15,2015,27-Apr-15,4.27,4,10:55:00 AM,18,2,1,C3F 8943,NA,0.679861,7.65E-02,19.21379,0.455643,7.375309,#VALUE!,0.037397,41.01545,1.737752,1.281054,1.260062,1.097102,NA,4.64E+01,2.457899,0.221433,0.905767,0.147258,3.732357,NA,NA,20.02777,0,0.282396,0.244533,0,1.361479,NA,0.121522,22.0377,NA,NA,5.904499489,12.4,0
34,163,25-Apr-15,2015,28-Apr-15,4.28,4,10:20:00 AM,7,NA,1,NA,NA,0.761673,5.73E-02,18.35174,0.429561,7.417362,#VALUE!,2.84E-02,40.20497,1.355547,0.871033,1.233278,1.784001,NA,4.55E+01,1.478789,0.223868,1.043934,0.271604,3.018195,NA,NA,21.59825,0,0.42571,0.25876,0,1.917596,NA,0.286667,24.486983,NA,NA,8.113121584,11.28,0
52,100,9-May-15,2015,12-May-15,5.12,4,9:13:00 AM,17.5,0,1,NA,NA,0.429133,0.108637,25.1865,0.641483,6.278214,#VALUE!,2.57E-02,39.00383,1.007146,2.453446,1.565013,0.273774,NA,4.43E+01,8.402481,0.438543,2.143782,0.174812,11.159618,NA,NA,10.33806,0,0.17314,0.151237,0,1.152665,NA,5.24E-02,1.19E+01,NA,NA,1.063432637,13.66,1.94
103,206,18-Apr-16,2016,27-Apr-16,4.27,4,11:14:00 AM,2.5,0.49,1,C3K 6504,0.014891694,0.693991456,0.06875675,26.50084518,0.219015789,8.777298196,36.27479907,NA,49.75610443,1.53876844,2.868740024,1.83624858,0.029393562,0.66917612,56.69843116,0.894310296,0.273694276,1.437814214,0.133851845,2.739670631,0.008558245,0.026201982,2.766499184,0.005014034,0.053074489,0.179433862,0.010205575,1.037817851,0.139610591,NA,4.226415813,0.06068333,0.06068333,1.542672964,2.26,1.7
105,137,24-Apr-16,2016,28-Apr-16,4.28,4,10:33:00 AM,5,0.56,1,C3K 6650,0.008654372,0.296482073,0.074194,15.60791161,0.517914113,8.690634792,25.19579096,NA,25.62137325,0.797648643,0.963005879,2.097387577,0.08497793,0.318057203,29.88245048,0.797628957,0.229998431,1.326229177,0.26878872,2.622645285,0.191149417,0.154600624,31.60294654,3.888816748,0.871318089,1.044762441,0.424048307,2.851615809,0.454331263,NA,41.48358924,0.815524037,0.815524037,15.8174609,2.01,5.72
118,134,28-May-16,2016,1-Jun-16,6.01,5,9:21:00 AM,13.5,0,2,C3F 8909,0.02223246,0.74253247,0.118586872,23.69222488,0.697438984,7.655130902,32.92814657,NA,33.59653455,0.955386968,2.305694273,2.05010714,0.049003391,0.292201733,39.24892806,2.914973957,0.332764375,2.131561268,0.231267888,5.610567488,0.066406303,0.098221112,17.46831352,0.991602864,0.352553816,0.369278086,0.111299766,2.301210753,0.270751601,NA,22.02963782,0.182720061,0.182720061,3.926454475,14.36,10.04
117,131,29-May-16,2016,1-Jun-16,6.01,4,9:17:00 AM,13.5,0,2,C3K 7143,0.050034276,1.263406533,0.099400564,20.18843872,0.71793703,8.605424486,30.92464161,NA,28.21006453,0.778351545,1.541996839,2.251926716,0.067290441,0.340346352,33.18997642,1.874899099,0.188110914,1.412571776,0.178575343,3.654157132,0.112507042,0.131373878,25.23029654,2.029293265,0.635238576,0.698299075,0.226030134,2.321114394,0.449151291,NA,31.8333042,0.39792064,0.39792064,8.71153129,14.36,10.04
116,124B,29-May-16,2016,1-Jun-16,6.01,4,9:12:00 AM,13.5,0,2,C3F 8044,0.023183971,0.995019828,0.106064841,22.07455256,0.64181983,8.166408586,32.00704962,NA,36.05010663,1.128683815,2.444986562,2.192478521,0.03810055,0.330003705,42.18435978,3.856154246,0.42029031,2.05211012,0.213027266,6.541581942,0.064870738,0.10162621,14.64593788,0.860517642,0.274331384,0.389433971,0.119295964,2.368002191,0.219843619,NA,19.0438596,0.223149061,0.223149061,2.911200955,14.36,10.04
119,103,31-May-16,2016,3-Jun-16,6.03,4,11:00:00 AM,13,15.77,2,NA,0.016637576,1.046638978,0.118569806,21.9958651,0.716064233,8.071350376,31.96512607,NA,28.21507228,0.710111898,2.01149843,2.114451435,0.070656446,0.41651965,33.53831014,3.694903899,0.26706867,1.699663246,0.274349479,5.935985294,0.098701523,0.1363866,21.78122295,2.000959184,0.643452695,0.782304146,0.247473325,2.203750362,0.318002025,NA,28.21225281,0.348325692,0.348325692,4.752749782,13.04,2.45
75,128,14-Apr-16,2016,17-Apr-16,4.17,4,9:44:00 AM,8.5,0,1,C3F 8945,0.008589771,0.312707461,0.098184909,15.78110778,0.664281324,8.942672915,25.80754416,NA,23.47180556,0.952671619,0.942201135,1.994830833,0.065055768,0.312754847,27.73931976,1.310043668,0.214562331,0.962596781,0.194340317,2.681543097,0.230943259,0.174905609,33.64001503,4.054672072,0.879941279,0.984750383,0.37850633,2.27841707,0.352910371,NA,42.9750614,0.796531579,0.796531579,16.02624304,9.4,2.57
95,201,19-Apr-16,2016,22-Apr-16,4.22,4,10:06:00 AM,19.5,0,2,NA,0.014699154,0.266982157,0.083106332,16.18871659,0.488941371,7.973923413,25.01636902,NA,26.82571155,1.099482071,0.869267261,1.96783584,0.066983397,0.381934111,31.21121423,0.926378301,0.239746866,1.016761206,0.191127598,2.374013971,0.187043013,0.140734656,32.70016747,3.355403526,0.802898936,0.773393709,0.323393378,2.08878413,0.305123521,NA,40.67694234,0.721460442,0.721460442,17.13424724,9.97,1.38
107,97,2-May-16,2016,5-May-16,5.05,4,10:07:00 AM,9,0,1,NA,0.011368881,0.403866564,0.0861934,19.03034818,0.51530187,8.509080908,28.5561598,NA,25.54770002,0.908027668,1.459834883,1.918523533,0.056597865,0.255286442,30.14597041,2.339524633,0.328031312,1.279339349,0.234486716,4.18138201,0.136282857,0.177130425,29.0668267,3.109230002,0.51173086,0.701944899,0.23575201,2.239174814,0.299001542,NA,36.47707411,0.639413664,0.639413664,8.723688489,8.95,3.46
122,136,2-Jun-16,2016,6-Jun-16,6.06,4,8:38:00 AM,14,8.69,2,C3K 6650,0.028473554,0.768387101,0.093526843,20.1957995,0.647022592,8.815532672,30.54874226,NA,29.26941372,0.781975649,1.755059137,1.938930114,0.060103172,0.398527591,34.20400938,3.24576776,0.287465772,1.988682045,0.314076617,5.835992194,0.088442186,0.134073014,22.28051124,2.076389615,0.680459014,0.732821354,0.253866537,2.45183415,0.317205708,NA,29.01560282,0.395653345,0.395653345,4.971837154,14.13,8.76
120,139,1-May-16,2016,5-Jun-16,6.05,4,1:09:00 PM,16.5,1.89,1,C3K 6671,0.016192904,0.47593791,0.129605249,22.92337263,0.679821304,6.103492842,30.32842284,NA,27.18148085,0.969325475,1.963549808,1.77450758,0.055656428,0.193873258,32.1383934,3.003282917,0.270901084,1.353411306,0.137487217,4.765082524,0.113651589,0.167014485,26.42495577,2.190777849,0.47955055,0.566153662,0.237575837,1.887533977,0.272748462,NA,32.33996218,0.42813906,0.42813906,6.78686298,13.77,8.48
121,205,3-May-16,2016,5-Jun-16,6.05,4,8:30:00 AM,14,0,1,C3K 6661,0.013574975,0.339504151,0.118734656,20.8570321,0.780114422,7.423742374,29.53270268,NA,29.87912868,1.029704848,1.209892341,1.468508199,0.057150396,0.427605752,34.07199022,2.509379022,0.228667981,1.480599744,0.107088989,4.325735736,0.096943777,0.132637392,25.55337802,2.127494983,0.594044683,0.712381923,0.205784331,1.830292415,0.351531627,NA,31.60448915,0.465082216,0.465082216,7.306153468,13.77,8.48
123,128,6-Jun-16,2016,10-Jun-16,6.1,5,9:10:00 AM,13.5,2.87,2,NA,0.0231388,0.708911725,0.102862294,20.39238043,0.707745006,8.880844026,30.81588228,NA,30.57227337,0.985601782,1.674083068,1.986338863,0.057709877,0.377902331,35.65390929,2.684501315,0.218412569,1.350005769,0.22828216,4.481201813,0.138817971,0.105745023,23.17398265,1.808869968,0.539301093,0.498339264,0.237039222,1.870710055,0.358258461,NA,28.73106371,0.317942913,0.317942913,6.411463912,15.23,11.38
109,116,3-May-16,2016,12-May-16,5.12,4,9:15:00 AM,12,0,2,C3K 6681,0.010399674,0.367585222,0.495520855,22.4045755,1.018103394,7.561182989,31.85736763,NA,35.59695215,0.969356063,1.459427384,1.513671203,0.040153937,0.42838985,40.00795059,4.903662792,0.315121967,2.02647972,0.118053106,7.363317585,0.030916378,0.100492022,18.28082554,0.056704786,0.405575671,0.25063858,0,1.413571728,0.173639648,NA,20.71236435,0.058999841,0.058999841,2.812911994,15.37,0
57,164,8-Apr-16,2016,11-Apr-16,4.11,4,10:52:00 AM,7.25,0,1,NA,0.005684317,0.342516472,0.076121003,15.61894347,0.474432418,8.095171318,24.612869,NA,23.41424344,1.087055572,1.121655531,2.391954405,0.063742916,0.372404352,28.45105622,1.079345194,0.423443367,1.544295162,0.859813267,3.90689699,0.220771025,0.194259109,32.8279736,3.993769479,0.675172112,0.921988006,0.342375814,2.635878305,0.343030566,NA,42.15521802,0.873959781,0.873959781,10.78994868,6.28,2.57
60,104,11-Apr-16,2016,14-Apr-16,4.14,4,9:34:00 AM,10,0,1,C3K 6152,0.009299893,0.274675966,0.073936884,14.34451933,0.479201332,8.347201296,23.5288347,NA,24.71734096,1.246088467,0.768090724,2.177034468,0.099979555,0.330926315,29.33946049,0.788344623,0.20010428,0.78762003,0.226494857,2.00256379,0.248549787,0.231883413,35.10670841,3.969960688,0.723532428,1.055068203,0.340693158,2.306425149,0.307243736,NA,44.29006497,0.839076046,0.839076046,22.11668122,9.83,2.33
108,149,7-May-16,2016,11-May-16,5.11,5,1:06:00 PM,20.5,0,1,C3K 6668,0.007455195,0.415472091,0.119671464,22.74262262,0.537258349,9.733716762,33.55619648,NA,29.1622847,1.018826695,1.507066013,1.738476543,0.045542211,0.269026142,33.7412223,3.562644631,0.889139931,2.651911161,0.234834585,7.338530308,0.07432531,0.123897427,19.27495932,1.495845096,0.398718414,0.465389863,0.136863349,2.890497552,0.211444726,NA,25.07194106,0.29210985,0.29210985,3.416479868,15.68,0
110,186,9-Apr-16,2016,12-May-16,5.12,4,12:51:00 PM,12.5,0,1,C3K 6134,0.010592365,0.259699948,0.100910778,19.84219011,0.387925334,7.425968909,28.02728744,NA,32.01508421,1.188502579,1.003654739,1.970988925,0.043716893,0.554167558,36.7761149,1.158752606,0.227728451,0.999576774,0.161906543,2.547964374,0.104368794,0.11411297,26.63219227,1.755634731,0.574089929,0.593398778,0.209705682,1.905818708,0.261507521,NA,32.15082938,0.49780389,0.49780389,12.61824133,15.37,0
58,135,9-Apr-16,2016,12-Apr-16,4.12,4,11:16:00 AM,10,0,1,C3K 7143,0.00607808,0.2891422,0.084971169,14.67130102,0.619263333,8.619012682,24.28976848,NA,24.28199225,0.981276237,0.788385037,2.362387812,0.087428585,0.364198579,28.8656685,0.91903432,0.155608291,0.845530389,0.180539319,2.100712319,0.214452585,0.209091011,34.79447327,3.935531548,0.757724481,0.96520075,0.371681425,2.294277923,0.326008722,NA,43.86844172,0.87540898,0.87540898,20.88265076,7.63,2.4
59,100,10-Apr-16,2016,13-Apr-16,4.13,4,9:53:00 AM,16.75,7,1,C3K 6601,0.010990973,0.305236199,0.078138189,16.55769189,0.498840454,7.614531403,25.06542911,NA,24.71911829,1.27706328,0.865644957,2.070250881,0.073668809,0.358629072,29.36437529,1.086558009,0.192742321,0.92150194,0.198284367,2.399086637,0.241704831,0.229119531,33.35310985,3.997359394,0.635195391,0.812952143,0.350584009,2.307611232,0.37890437,NA,42.30654075,0.864568208,0.864568208,17.63443641,9.13,1.47
62,138,10-Apr-16,2016,14-Apr-16,4.14,4,10:15:00 AM,8.5,0,1,C3K 6159,0.008701147,0.301125163,0.067656147,16.1583391,0.440802808,8.666839169,25.64346353,NA,25.27744266,1.328849481,1.01837616,2.023851407,0.080296993,0.314022365,30.04283907,0.893198159,0.261359531,0.856908609,0.163870968,2.175337267,0.230957418,0.17753798,32.57280253,3.961890391,0.670467414,0.841561121,0.400725789,2.14294203,0.355071014,NA,41.35395569,0.784404448,0.784404448,19.01036511,9.83,2.33
64,183,10-Apr-16,2016,14-Apr-16,4.14,4,10:42:00 AM,8.5,0,1,NA,0.009850984,0.481350149,0.104064673,25.73619276,0.484882103,7.54021791,34.35655858,NA,38.3896305,1.304398852,3.597893545,2.747131853,0.02021986,0.367738319,46.42701293,3.132187764,0.477884155,2.138989851,0.248432794,5.997494564,0.027499365,0.085441142,10.61007205,0.029840049,0,0.323783372,0.179538197,1.810942973,0.151816777,NA,13.21893393,0,0,2.204076016,9.83,2.33
74,152,12-Apr-16,2016,17-Apr-16,4.17,4,9:56:00 AM,8.75,0,1,C3K 7111,0.006988874,0.258976481,0.073922011,13.04859201,0.567260751,9.979012721,23.93475285,NA,22.3993158,0.930294348,0.514297995,2.075970906,0.082192405,0.340072796,26.34214425,0.509802586,0.229775896,1.013301414,0.254915905,2.007795801,0.243891643,0.204389094,35.66487947,4.766729146,0.905999745,1.150504878,0.468913551,2.881463137,0.400269105,NA,46.68703977,1.028267324,1.028267324,23.25288246,9.4,2.57
63,157,11-Apr-16,2016,14-Apr-16,4.14,4,10:30:00 AM,8.5,0,1,C3F 8932,0.012245204,0.350034557,0.083544248,16.37773048,0.459094301,8.46127605,25.74392484,NA,24.67730288,1.022734773,1.245357563,2.433787368,0.075407417,0.323602318,29.77819232,0.920132564,0.292289759,1.394401538,0.273807721,2.880631582,0.20169679,0.180530589,31.85171127,3.869679331,0.657052204,0.836229334,0.331775599,2.569214469,0.340173337,NA,40.83806292,0.759188338,0.759188338,14.176774,9.83,2.33
65,192,11-Apr-16,2016,14-Apr-16,4.14,4,11:08:00 AM,11,0,1,C3F 8946,0.006556803,0.320053715,0.121304904,21.22255046,0.521371947,8.240675804,30.43251363,NA,31.16600061,1.303502143,0.957019897,1.555651967,0.047041374,0.446231973,35.47544796,1.957478181,0.244192293,1.091864464,0.179340545,3.472875483,0.102998866,0.112761598,25.0265309,1.749344451,0.516609897,0.514686911,0.217926257,1.765773965,0.258099421,NA,30.26473227,0.354430654,0.354430654,8.714603335,9.83,2.33
66,130,12-Apr-16,2016,15-Apr-16,4.15,4,10:35:00 AM,7,0,1,C3K 7456,0.006558339,0.307690348,0.083370867,16.49399436,0.544241401,8.982506997,26.41836231,NA,24.53435121,1.052294019,0.72592095,2.405059616,0.065720601,0.278874835,29.06222123,0.874178943,0.161675888,1.030933425,0.272528755,2.339317011,0.224596237,0.170473658,32.32356701,3.644952782,0.798491285,0.850726328,0.346288164,2.620785397,0.486729038,NA,41.4666099,0.713489536,0.713489536,17.72594723,9.75,4.55
68,199,10-Apr-16,2016,15-Apr-16,4.15,4,9:34:00 AM,8,0,1,NA,0.007197495,0.362269885,0.112116456,22.1078118,0.555457131,8.393332788,31.53818556,NA,33.03824254,0.96354695,1.160239482,1.466255906,0.041508301,0.432328672,37.10212185,1.634180616,0.294106404,1.451271036,0.212915379,3.592473435,0.07850993,0.120149015,21.90235285,1.585148871,0.429773321,0.518545356,0.146917435,2.372860134,0.267820945,NA,27.42207786,0.345141309,0.345141309,7.633202681,9.75,4.55
61,109,11-Apr-16,2016,14-Apr-16,4.14,4,9:40:00 AM,10,0,1,C3F 8927,0.011175222,0.360513751,0.103748636,19.27564625,0.453317795,7.563341736,27.76774339,NA,28.11636825,1.212072204,1.122745232,1.738317129,0.067399284,0.396548079,32.65345018,1.774700707,1.77142302,0.329954637,0.983647934,4.859726298,0.155318951,0.120790506,29.69734528,2.419168827,0.070470324,0.238638729,0.596173484,0.676852305,0.184487221,NA,34.15924563,0.559834503,0.559834503,7.02904722,9.83,2.33
67,136,12-Apr-16,2016,15-Apr-16,4.15,4,10:22:00 AM,7,0,1,C3F 8909,0.007839976,0.234331137,0.078462415,13.30201193,0.527314692,9.428780919,23.57874107,NA,23.18052389,0.960985359,0.606298756,2.632590646,0.089566249,0.31993211,27.78989701,0.609443078,0.187164704,0.96938137,0.204125646,1.970114798,0.240735129,0.220365509,35.1984288,4.417037843,0.741223722,0.95804896,0.397939567,3.190669863,0.390284897,NA,45.75473429,0.906512831,0.906512831,23.22440009,9.75,4.55
69,117,11-Apr-16,2016,16-Apr-16,4.16,4,10:50:00 AM,15,0.7,1,C3K 6502,0.006596233,0.32039833,0.127505432,19.98693438,0.508118325,7.584571425,28.53412413,NA,30.0332226,1.040752951,0.960339429,1.70049398,0.070254606,0.490294128,34.29535769,1.098349254,0.208322835,1.06364825,0.257370802,2.627691141,0.117620634,0.180477068,26.34287912,2.629553392,0.570389847,0.819432806,0.276821661,2.694733392,0.427564725,NA,34.05947265,0.483354394,0.483354394,12.96174886,9.06,4.55
71,188,13-Apr-16,2016,16-Apr-16,4.16,4,9:27:00 AM,14.5,0.21,1,C3F 8940,0.013735657,0.3660913,0.042985449,19.91011511,0.501984699,8.369424624,29.20433684,NA,32.46086331,1.318696381,1.484535578,1.58092611,0.039247882,0.398154116,37.28242338,2.758683067,0.333225127,1.465771714,0.252899425,4.810579333,0.093480152,0.116205612,23.39026609,1.313353205,0.441715605,0.509417114,0.155454424,2.156670647,0.237391821,NA,28.41395467,0.288705784,0.288705784,5.906555677,9.06,4.55
73,210,12-Apr-16,2016,16-Apr-16,4.16,4,10:20:00 AM,15.5,0.35,1,C3K 6097,0.007333458,0.282639858,0.122727749,21.57198017,0.484025064,8.155863234,30.62456953,NA,31.85726079,1.415168164,0.809118027,1.476193919,0.042510859,0.638012973,36.23826473,1.294946027,0.232618023,1.406935958,0.231808278,3.166308286,0.092099814,0.106285923,24.03963378,1.675576979,0.587481743,0.469066098,0.197151153,2.132586538,0.352173616,NA,29.65205564,0.318801801,0.318801801,9.364866894,9.06,4.55
76,91,14-Apr-16,2016,17-Apr-16,4.17,4,9:20:00 AM,8.5,0,1,NA,0.009304499,0.305628946,0.090828343,17.11204258,0.551593899,8.78677329,26.85617156,NA,25.68065814,0.931493401,0.983669583,2.088964457,0.063129948,0.344229624,30.09214515,1.664136771,0.279205142,1.518376554,0.183623278,3.645341745,0.165357422,0.169194251,30.37662386,3.146331014,0.757478478,0.874134565,0.269863952,2.58063852,0.383461813,NA,38.72308388,0.683257669,0.683257669,10.62262103,9.4,2.57
78,122,15-Apr-16,2016,18-Apr-16,4.18,4,9:28:00 AM,5,4.48,1,C3K 6092,0.007549143,0.360568274,0.094619381,15.94852278,0.753138718,8.976992063,26.14139036,NA,24.35691747,1.223335955,0.9375975,1.988466428,0.051358492,0.304319764,28.86199561,0.892730098,0.227983709,0.984834681,0.210869855,2.316418343,0.224554959,0.177670314,33.01210962,3.723674984,0.787569055,0.928899528,0.322450904,2.399684774,0.376832749,NA,41.95344689,0.726748806,0.726748806,18.11134289,9.15,0.4
81,148,15-Apr-16,2016,18-Apr-16,4.18,4,10:35:00 AM,5.5,6.09,1,C3K 7467,0.008412661,0.279866179,0.08146086,13.93455191,0.489647888,8.407835244,23.20177474,NA,22.86811346,1.1648735,0.743289422,2.277281444,0.079919382,0.326601249,27.46007846,0.63964621,0.385045176,0.914712775,0.212097261,2.151501422,0.262145258,0.230355277,36.76675692,4.556854203,0.675638917,0.859247543,0.385498007,2.299929151,0.256105426,NA,46.2925307,0.89411468,0.89411468,21.51638397,9.15,0.4
70,169,13-Apr-16,2016,16-Apr-16,4.16,4,9:58:00 AM,15.5,0.35,1,NA,0.00841419,0.31034683,0.07326463,14.71065077,0.48759231,9.210001191,24.80026992,NA,23.3477901,0.973006499,0.862081533,2.176275721,0.077789876,0.328019219,27.76496295,0.911050991,0.262889252,1.250621164,0.190766307,2.615327714,0.226520054,0.151477193,34.36384942,4.127152903,0.844428922,0.873695389,0.353510988,2.588030965,0.385820372,NA,43.91448621,0.904953212,0.904953212,16.79119828,9.06,4.55
72,200,12-Apr-16,2016,16-Apr-16,4.16,4,9:36:00 AM,14.5,0.21,1,C3K 7473,0.012314722,0.357819043,0.128302048,21.93838782,0.490941198,7.072328815,30.00009365,NA,35.39107633,1.85163856,1.285817181,1.521640255,0.043172888,0.619015371,40.71236059,2.050880752,0.250011177,1.337401912,0.187604031,3.825897872,0.074267605,0.130783595,20.48385646,1.397434364,0.433288069,0.457833028,0.125167282,1.862091293,0.227573138,NA,25.19229483,0.269353068,0.269353068,6.5846752,9.06,4.55
77,94,14-Apr-16,2016,17-Apr-16,4.17,4,9:23:00 AM,8.5,0,1,NA,0.011640292,0.381078652,0.110377033,17.02868934,0.526028439,8.300756541,26.3585703,NA,25.15486729,1.183092164,1.679224568,2.232871313,0.06448251,0.331604287,30.64614213,1.448072844,0.283295689,1.286711078,0.14761091,3.165690521,0.188798465,0.141116216,30.67844923,3.453630674,0.73991821,0.977100634,0.308245401,2.273564635,0.353183775,NA,39.11400724,0.715589815,0.715589815,12.35560045,9.4,2.57
80,140,15-Apr-16,2016,18-Apr-16,4.18,4,9:49:00 AM,5.25,4.76,1,C3K 6605,0.009934016,0.347092656,0.095753036,19.15716241,0.57162365,8.522397963,28.70396373,NA,26.45545799,1.105449999,1.331350572,2.115785207,0.048967659,0.344110859,31.40112229,1.686682682,0.423224695,1.714890387,0.178832898,4.003630662,0.163885895,0.147757877,27.74345157,2.617239436,0.70870465,0.818394457,0.263539923,2.452304919,0.428798837,NA,35.34407756,0.547205755,0.547205755,8.828006514,9.15,0.4
82,179,14-Apr-16,2016,18-Apr-16,4.18,4,10:54:00 AM,5.75,6.16,1,C3F 8939,0.024472666,0.40735299,0.083485511,21.79510079,0.460220288,8.075434983,30.84606723,NA,30.18803451,1.03908584,1.647627072,1.79302272,0.057683467,0.366622669,35.09207628,1.994723713,0.233913256,1.252259432,0.162313117,3.643209518,0.100188108,0.126592616,24.30650653,1.918017013,0.520443035,0.674806643,0.211495328,1.883003079,0.310355076,NA,30.05140743,0.367239547,0.367239547,8.248608069,9.15,0.4
83,92,15-Apr-16,2016,18-Apr-16,4.18,4,9:38:00 AM,5,4.48,1,C3K 6603,0.012768752,0.287916923,0.08073863,14.90891928,0.513905631,8.862773607,24.66702282,NA,25.7362524,1.020873599,0.818354501,2.263883318,0.075946983,0.401406337,30.31671714,1.013632284,0.165848387,0.964809239,0.169724418,2.314014328,0.218767233,0.167619112,32.26646005,3.641683229,0.96793174,1.152165916,0.403582265,2.664337447,0.409256833,NA,41.89180383,0.810441883,0.810441883,18.10351964,9.15,0.4
87,127,16-Apr-16,2016,20-Apr-16,4.2,4,10:58:00 AM,13.75,0,1,C3K 6029,0.008947205,0.305210863,0.074423243,14.56974247,0.474360198,9.10902957,24.54171355,NA,24.05920923,1.222505255,0.785106293,2.040447619,0.082704554,0.299157376,28.48913033,1.083547192,0.22351184,1.002462425,0.138489096,2.448010553,0.255362461,0.156709014,35.16306457,4.020173643,0.685807664,0.80512795,0.33950688,2.049125016,0.29184627,NA,43.76672347,0.754422113,0.754422113,17.87848644,7.71,9.93
88,151,17-Apr-16,2016,20-Apr-16,4.2,4,10:46:00 AM,13.5,0,1,C3F 8903,0.009414624,0.279407979,0.070890112,15.55131908,0.448916543,7.717731955,24.07768029,NA,27.17769482,1.061074022,0.994655657,2.208041153,0.064378592,0.32174758,31.82759182,1.093043477,0.201602123,0.996050553,0.111528026,2.402224179,0.192973744,0.152308606,32.84920576,3.530506207,0.698046271,0.832049732,0.330567894,2.138422913,0.325360929,NA,41.04944206,0.643061645,0.643061645,17.08809794,7.71,9.93
90,203,16-Apr-16,2016,20-Apr-16,4.2,5,9:48:00 AM,12.5,0,1,NA,0.008346527,0.300553298,0.051173831,17.26201562,0.32859684,8.045338186,25.9960243,NA,44.59553187,2.072469318,0.660962449,1.247797677,0.070131913,0.627556979,49.27445021,0.765479737,0.219454093,1.021814994,0.148718782,2.155467606,0.042138571,0.086649405,19.68950118,0.017837361,0.308729789,0,0.321614822,1.763686019,0.301798465,NA,22.53195561,0.042102277,0.042102277,10.45339561,7.71,9.93
79,132,15-Apr-16,2016,18-Apr-16,4.18,4,10:15:00 AM,5.5,5.81,1,C3F 8935,0.008472192,0.470018173,0.145383827,18.68903348,0.663958558,8.010758327,27.98762456,NA,28.9565766,1.193831123,1.228080714,1.640201271,0.040226859,0.288956382,33.34787295,2.377419924,0.3220752,1.407215834,0.249911759,4.356622717,0.150097689,0.138576054,27.1519414,2.692759802,0.516722031,0.696006812,0.237224257,1.926729388,0.287151131,NA,33.79720856,0.510671222,0.510671222,7.757662474,9.15,0.4
84,131,16-Apr-16,2016,19-Apr-16,4.19,4,11:25:00 AM,14.5,4.13,1,C3F 8938,0.010382414,0.375509041,0.094219853,17.87895725,0.605993408,8.647870976,27.61293294,NA,24.87904241,1.090254091,1.300823742,2.403551214,0.060668728,0.243749162,29.97808935,0.775072243,0.3248076,1.32971195,0.155046718,2.584638511,0.201105081,0.19416084,31.64633934,3.031639814,0.547376807,0.68923203,0.264795074,2.423149948,0.290025257,NA,39.28782419,0.536515018,0.536515018,15.20051025,8.67,8.9
112,195,17-May-16,2016,20-May-16,5.2,4,1:50:00 PM,14.5,10.86,2,C3K 6134,0.011783879,0.397050072,0.118009274,24.43251703,0.742440923,7.241264645,32.94306582,NA,35.14489288,1.087259139,2.521519629,2.014705436,0.025712555,0.347342187,41.14143183,6.262759766,0.387252062,1.90358192,0.112451371,8.666045119,0.020928955,0.083418812,14.68076468,0.04913797,0.306352435,1.390883673,0.24748783,0.324202818,0.104860153,NA,17.20803733,0.041419907,0.041419907,1.985685176,9.35,1.63
85,111,17-Apr-16,2016,20-Apr-16,4.2,4,11:11:00 AM,14,0,1,C3K 7472,0.024232883,0.840459444,0.089169294,16.34119164,0.493379423,7.536717308,25.32514999,NA,24.32718667,0.890151803,0.909545528,2.130383416,0.08378205,0.322280505,28.66332997,1.11233303,0.17512648,0.930736189,0.141325521,2.35952122,0.210694378,0.152422127,34.04608887,3.920539379,0.831972705,1.039533933,0.413195843,1.982761277,0.314351497,NA,42.91156001,0.740438804,0.740438804,18.18655397,7.71,9.93
91,110,18-Apr-16,2016,21-Apr-16,4.21,4,10:56:00 AM,16.5,0,2,C3F 8942,0.159238942,0.528000474,0.093294294,16.77323851,0.548706747,7.936311934,26.0387909,NA,25.44118307,0.724125098,1.034662256,2.087723821,0.087040326,0.357501178,29.73223575,1.614017573,0.210108157,1.074085706,0.153000768,3.051212204,0.170560373,0.178454408,31.81604349,3.485917587,0.753112261,0.925318886,0.367358799,2.434876574,0.415891055,NA,40.54753343,0.630227718,0.630227718,13.28899163,8.22,9.88
111,102,17-May-16,2016,20-May-16,5.12,4,3:29:00 PM,15,11,2,C3K 6152,0.032845323,1.692706629,0.096722027,22.71990054,0.64024023,8.91899641,34.10141116,NA,28.16900006,0.777732379,1.581191055,1.769179045,0.047553002,0.288388768,32.63304431,3.812023713,0.25501508,1.609447944,0.215790307,5.892277044,0.071723676,0.149164747,21.03219594,1.864051862,0.535592589,0.789925474,0.2029998,2.122749084,0.253627087,NA,27.02203026,0.351237229,0.351237229,4.586008101,9.35,1.63
113,156,18-May-16,2016,21-May-16,5.21,4,8:01:00 AM,10,0,2,C3K 6691,0.012474313,0.557634304,0.097717066,24.22277279,0.598665088,8.361714267,33.85097783,NA,35.39037224,1.035296223,2.160871539,1.629215015,0.030422694,0.309774779,40.55595249,9.570700269,0.540660703,2.362011445,0.174607452,12.64797987,0.016014212,0.062096931,10.50827847,0.170715027,0.198830354,1.191559507,0.196008616,0.478463329,0.068028292,NA,12.88999474,0.055095074,0.055095074,1.019134666,10.66,5.7
114,182,19-May-16,2016,23-May-16,5.23,5,9:00:00 AM,13,0,2,C3K 6133,0.013704854,0.581993438,0.114579496,24.29173083,0.755601472,8.270675453,34.02828554,NA,35.05510217,0.941563397,1.939199757,1.615895729,0.027550975,0.375034479,39.95434651,6.698765443,0.523552155,2.559237697,0.178593074,9.960148369,0.024293729,0.089824187,13.48588424,0.027009933,0.272779859,0.214183787,0,1.762607001,0.127341827,NA,16.00392456,0.053295021,0.053295021,1.6067958,14.55,NA
89,202,16-Apr-16,2016,20-Apr-16,4.2,4,9:47:00 AM,12.5,0,1,C3K 7165,0.009258374,0.33705631,0.094748666,22.85170117,0.501405728,7.764679081,31.55884933,NA,34.90386838,0.791644418,1.724060804,1.705356736,0.047498317,0.425329782,39.59775844,2.929664678,0.344419737,1.644754747,0.19027719,5.109116352,0.048456321,0.099677475,19.77796711,0.477233693,0.396187508,0.393061292,0.06779908,2.123492754,0.22500553,NA,23.60888076,0.125395127,0.125395127,4.620932298,7.71,9.93
92,145,18-Apr-16,2016,21-Apr-16,4.21,4,10:15:00 AM,16.5,0,1,C3K 6055,0.013242903,0.352215913,0.128118443,17.43093451,0.697216339,7.826432385,26.44816049,NA,26.20410254,1.001543938,1.711383641,2.516257017,0.059274655,0.272029253,31.76459104,2.514294044,0.731146222,2.282196311,0.174391812,5.702028389,0.172271126,0.172424149,27.99082362,2.843201521,0.550812148,0.678855171,0.254470004,2.57702142,0.219233987,NA,35.45911315,0.626106939,0.626106939,6.218684076,8.22,9.88
96,115,20-Apr-16,2016,23-Apr-16,4.23,4,11:24:00 AM,13.25,0,1,C3K 6106,0.014838489,0.323556799,0.108170435,18.69160425,0.524054336,7.631490055,27.29371436,NA,26.65357095,1.100039401,0.79406211,1.818500246,0.049494445,0.338429537,30.75409669,0.877817138,0.182987801,1.028938427,0.153812449,2.243555815,0.18716344,0.171145078,31.56978317,2.961438094,0.638375695,0.743901805,0.298133202,2.227477519,0.372711942,NA,39.17012995,0.538503185,0.538503185,17.45895051,11.42,0.05
86,119,16-Apr-16,2016,20-Apr-16,4.2,4,11:17:00 AM,14,0,1,NA,0.030712667,0.416473943,0.094096516,20.3865322,0.584140669,6.978403556,28.49035955,NA,24.05301962,0.827431961,1.187042521,1.55870519,0.069774819,0.248703346,27.94467746,1.031239979,0.248355344,0.940997111,0.142477159,2.363069593,0.221587194,0.203392774,30.65831519,4.458755806,0.626163827,1.061624462,0.483288951,2.190730723,0.442086511,NA,40.34594544,0.855947962,0.855947962,17.07353248,7.71,9.93
101,118,18-Apr-16,2016,25-Apr-16,4.25,4,9:19:00 AM,1.5,NA,1,NA,0.030220152,0.410979202,0.142441233,20.5353196,0.902915089,8.247631337,30.26950661,NA,28.60156588,0.814466759,0.873452194,1.471778745,0.047326102,0.310470656,32.11906034,1.762670414,0.157480724,1.042532306,0.167059061,3.129742505,0.102909212,0.199878015,27.16497329,2.139315428,0.58998833,0.691068903,0.22550424,2.506685727,0.484509731,NA,34.10483288,0.37685767,0.37685767,10.8970092,6.76,0.05
98,184,20-Apr-16,2016,23-Apr-16,4.23,4,10:13:00 AM,13,0,1,NA,0.022925314,0.359842685,0.146520098,23.07460707,0.529491506,7.984848344,32.11823502,NA,37.20867662,1.37828598,1.066965355,1.197832658,0.030859807,0.588185241,41.47080566,1.643094314,0.297525471,1.336068182,0.116516477,3.393204444,0.052501284,0.089763248,19.39226211,0.326958768,0.370952378,0.279054571,0.062413385,2.018230517,0.285723878,NA,22.87786014,0.139894746,0.139894746,6.742258097,11.42,0.05
100,143,21-Apr-16,2016,24-Apr-16,4.24,4,9:04:00 AM,3.5,0,1,C3K 6636,0.008858727,0.374088884,0.099828133,19.59082309,0.572889106,8.628714865,29.27520281,NA,26.16049542,1.144707729,1.292135777,2.144975387,0.046154258,0.249036861,31.03750543,2.075097208,0.342276235,1.694408337,0.181138298,4.292920078,0.161708138,0.129308226,27.91345162,2.717959935,0.615830207,0.6352484,0.25859236,2.12833525,0.336060212,NA,34.89649435,0.497877346,0.497877346,8.128847897,10.03,0.05
93,144,14-Apr-16,2016,22-Apr-16,4.22,4,10:36:00 AM,19.5,0,1,C3K 6637,0.011210903,0.317244604,0.090218441,15.33235204,0.53981136,8.561416105,24.85225345,NA,24.2949377,1.048864161,0.843130798,2.093200765,0.082459385,0.323140913,28.68573372,0.770460094,0.330947848,1.165193905,0.203910807,2.470512654,0.212881863,0.183668344,33.60728337,4.160763603,0.720429273,0.935638005,0.397233491,2.625551528,0.34694283,NA,43.19039231,0.801107866,0.801107866,17.48236029,9.97,1.38
94,170,19-Apr-16,2016,22-Apr-16,4.22,4,10:23:00 AM,19.5,0,1,C3K 6610,0.015796655,0.303032559,0.069111736,16.40487417,0.417964784,9.679915549,26.89069545,NA,31.41384909,1.355807568,0.5635799,1.749357182,0.063228896,0.445046134,35.59086877,0.492219254,0.141178123,0.798470449,0.209419127,1.641286953,0.140213763,0.130937668,28.87187495,2.426809709,0.590178134,0.664592577,0.260284874,1.974360528,0.366160331,NA,35.42541253,0.451736294,0.451736294,21.5839238,9.97,1.38
99,125,21-Apr-16,2016,24-Apr-16,4.24,4,8:56:00 AM,3,0,1,C3F 8044,0.009857765,0.350465577,0.032692497,16.34155552,0.589279574,8.468652086,25.79250302,NA,25.9363228,1.150381428,0.962107147,2.349003355,0.063364178,0.270958329,30.73213724,0.935673075,0.267541527,1.181028972,0.169439899,2.553683473,0.215977938,0.175446198,31.59513475,3.588019093,0.553558529,0.778939831,0.285774943,2.738632425,0.25792486,NA,40.18940857,0.732267709,0.732267709,15.73781911,10.03,0.05
104,99,24-Apr-16,2016,27-Apr-16,4.27,4,9:39:00 AM,1,0.07,1,C3K 7448,0.018414956,0.356597472,0.099067265,18.25460178,0.671165927,8.189539638,27.58938704,NA,27.92490367,1.040524434,1.063585228,1.764835557,0.059472714,0.311254863,32.16457647,1.166380842,0.268852995,1.119173827,0.229895833,2.784303497,0.145119037,0.191830462,28.86129269,3.036620579,0.57068861,0.837070778,0.305598784,2.581434385,0.324907041,NA,36.85456237,0.607170631,0.607170631,13.23654638,2.26,1.7
115,93,22-May-16,2016,27-May-16,5.27,4,11:57:00 AM,20.5,0.07,2,C3K 6114,0.021338974,0.656375504,0.112099456,25.29144697,0.595585958,7.043187879,33.72003474,NA,35.35039763,1.094485504,2.809513056,1.866859937,0.040766946,0.322594579,41.48461765,6.593690233,0.702128882,2.714057473,0.173290704,10.18316729,0.033195909,0.073521623,12.05934131,0.079819704,0.195108251,0.19803308,0,1.787459583,0.114453737,NA,14.5409332,0.071247115,0.071247115,1.427938163,11.83,10.74
106,167,17-Apr-16,2016,28-Apr-16,4.28,4,11:38:00 AM,6.5,0.56,1,C3K 6138,0.007352276,0.250222063,0.071120205,12.84207958,0.626395311,9.676210593,23.47338003,NA,22.90736909,0.668949938,0.442398298,2.264387521,0.113291919,0.326621301,26.72301807,0.433083641,0.214369956,0.946302331,0.254981868,1.848737796,0.191355075,0.179531662,35.41694388,5.228693117,0.873427012,1.059208253,0.53389387,2.999716948,0.387668928,NA,46.87043875,1.084425367,1.084425367,25.35266972,2.01,5.72
97,147,20-Apr-16,2016,23-Apr-16,4.23,4,9:55:00 AM,12,0,1,NA,0.010167008,0.398078481,0.138618138,19.97528255,0.64959994,9.01153728,30.1832834,NA,25.35632894,0.93347051,1.118581974,1.952806933,0.060857321,0.277693108,29.69973879,2.32010611,0.65898132,1.994374839,0.301325545,5.274787814,0.144830853,0.148150953,27.12373872,2.510930074,0.635271656,0.634114698,0.254942689,2.699486865,0.185653797,NA,34.33712031,0.505069701,0.505069701,6.509668543,11.42,0.05
102,103,24-Apr-16,2016,27-Apr-16,4.27,4,9:34:00 AM,1,0.07,1,NA,0.009036502,0.312338781,0.086464157,16.28755861,0.475264123,7.714836938,24.88549911,NA,23.85834851,0.830074701,0.915177113,2.157169022,0.078573778,0.360419719,28.19976284,0.705925298,0.261454549,1.202205668,0.208387358,2.377972873,0.192983455,0.171903861,34.12327623,3.993090326,0.875876563,1.216539572,0.393117533,2.386235925,0.400489396,NA,43.75351286,0.783252316,0.783252316,18.39950041,2.26,1.7
